pair_id,label,frgp,which_hand,subject1,subject2,ground_truth,llm_answer,raw_response,correct,latency_s,model,prompting_setting,timestamp
G_2356_frgp13,genuine,13,right,00002356,00002356,A,A,A,True,1.401,InternVL3-8B-Instruct,zero_shot,2026-05-24T17:21:35
G_2372_frgp14,genuine,14,left,00002372,00002372,A,A,A,True,0.633,InternVL3-8B-Instruct,zero_shot,2026-05-24T17:21:36
I_00002304_00002312_frgp13,impostor,13,right,00002304,00002312,B,A,A,False,0.54,InternVL3-8B-Instruct,zero_shot,2026-05-24T17:21:36
G_2394_frgp14,genuine,14,left,00002394,00002394,A,A,A,True,0.62,InternVL3-8B-Instruct,zero_shot,2026-05-24T17:21:37
I_00002304_00002463_frgp13,impostor,13,right,00002304,00002463,B,A,A,False,0.542,InternVL3-8B-Instruct,zero_shot,2026-05-24T17:21:37
I_00002330_00002447_frgp14,impostor,14,left,00002330,00002447,B,A,A,False,0.549,InternVL3-8B-Instruct,zero_shot,2026-05-24T17:21:38
I_00002304_00002386_frgp13,impostor,13,right,00002304,00002386,B,A,A,False,0.542,InternVL3-8B-Instruct,zero_shot,2026-05-24T17:21:38
G_2351_frgp13,genuine,13,right,00002351,00002351,A,A,A,True,0.619,InternVL3-8B-Instruct,zero_shot,2026-05-24T17:21:39
G_2418_frgp14,genuine,14,left,00002418,00002418,A,A,A,True,0.627,InternVL3-8B-Instruct,zero_shot,2026-05-24T17:21:40
I_00002304_00002425_frgp13,impostor,13,right,00002304,00002425,B,A,A,False,0.551,InternVL3-8B-Instruct,zero_shot,2026-05-24T17:21:40
G_2359_frgp13,genuine,13,right,00002359,00002359,A,A,A,True,0.633,InternVL3-8B-Instruct,zero_shot,2026-05-24T17:21:41
G_2392_frgp14,genuine,14,left,00002392,00002392,A,A,A,True,0.627,InternVL3-8B-Instruct,zero_shot,2026-05-24T17:21:41
I_00002304_00002341_frgp13,impostor,13,right,00002304,00002341,B,A,A,False,0.561,InternVL3-8B-Instruct,zero_shot,2026-05-24T17:21:42
I_00002330_00002339_frgp14,impostor,14,left,00002330,00002339,B,B,B,True,0.555,InternVL3-8B-Instruct,zero_shot,2026-05-24T17:21:42
G_2403_frgp13,genuine,13,right,00002403,00002403,A,A,A,True,0.649,InternVL3-8B-Instruct,zero_shot,2026-05-24T17:21:43
G_2373_frgp13,genuine,13,right,00002373,00002373,A,A,A,True,0.639,InternVL3-8B-Instruct,zero_shot,2026-05-24T17:21:44
G_2394_frgp13,genuine,13,right,00002394,00002394,A,A,A,True,0.626,InternVL3-8B-Instruct,zero_shot,2026-05-24T17:21:44
I_00002330_00002326_frgp14,impostor,14,left,00002330,00002326,B,A,A,False,0.541,InternVL3-8B-Instruct,zero_shot,2026-05-24T17:21:45
G_2462_frgp13,genuine,13,right,00002462,00002462,A,A,A,True,0.624,InternVL3-8B-Instruct,zero_shot,2026-05-24T17:21:46
G_2384_frgp14,genuine,14,left,00002384,00002384,A,A,A,True,0.624,InternVL3-8B-Instruct,zero_shot,2026-05-24T17:21:46
I_00002330_00002412_frgp14,impostor,14,left,00002330,00002412,B,B,B,True,0.539,InternVL3-8B-Instruct,zero_shot,2026-05-24T17:21:47
G_2353_frgp13,genuine,13,right,00002353,00002353,A,A,A,True,0.628,InternVL3-8B-Instruct,zero_shot,2026-05-24T17:21:47
I_00002304_00002348_frgp13,impostor,13,right,00002304,00002348,B,B,B,True,0.54,InternVL3-8B-Instruct,zero_shot,2026-05-24T17:21:48
G_2375_frgp13,genuine,13,right,00002375,00002375,A,A,A,True,0.631,InternVL3-8B-Instruct,zero_shot,2026-05-24T17:21:49
G_2407_frgp14,genuine,14,left,00002407,00002407,A,A,A,True,0.638,InternVL3-8B-Instruct,zero_shot,2026-05-24T17:21:49
I_00002304_00002412_frgp13,impostor,13,right,00002304,00002412,B,A,A,False,0.543,InternVL3-8B-Instruct,zero_shot,2026-05-24T17:21:50
I_00002330_00002371_frgp14,impostor,14,left,00002330,00002371,B,B,B,True,0.555,InternVL3-8B-Instruct,zero_shot,2026-05-24T17:21:50
G_2440_frgp14,genuine,14,left,00002440,00002440,A,A,A,True,0.63,InternVL3-8B-Instruct,zero_shot,2026-05-24T17:21:51
G_2332_frgp14,genuine,14,left,00002332,00002332,A,A,A,True,0.625,InternVL3-8B-Instruct,zero_shot,2026-05-24T17:21:52
I_00002330_00002481_frgp14,impostor,14,left,00002330,00002481,B,A,A,False,0.54,InternVL3-8B-Instruct,zero_shot,2026-05-24T17:21:52
I_00002330_00002312_frgp14,impostor,14,left,00002330,00002312,B,A,A,False,0.538,InternVL3-8B-Instruct,zero_shot,2026-05-24T17:21:53
I_00002330_00002383_frgp14,impostor,14,left,00002330,00002383,B,A,A,False,0.539,InternVL3-8B-Instruct,zero_shot,2026-05-24T17:21:53
G_2342_frgp13,genuine,13,right,00002342,00002342,A,A,A,True,0.621,InternVL3-8B-Instruct,zero_shot,2026-05-24T17:21:54
G_2401_frgp14,genuine,14,left,00002401,00002401,A,A,A,True,0.636,InternVL3-8B-Instruct,zero_shot,2026-05-24T17:21:54
G_2326_frgp13,genuine,13,right,00002326,00002326,A,A,A,True,0.634,InternVL3-8B-Instruct,zero_shot,2026-05-24T17:21:55
I_00002304_00002424_frgp13,impostor,13,right,00002304,00002424,B,A,A,False,0.541,InternVL3-8B-Instruct,zero_shot,2026-05-24T17:21:56
G_2313_frgp13,genuine,13,right,00002313,00002313,A,A,A,True,0.625,InternVL3-8B-Instruct,zero_shot,2026-05-24T17:21:56
G_2369_frgp14,genuine,14,left,00002369,00002369,A,A,A,True,0.64,InternVL3-8B-Instruct,zero_shot,2026-05-24T17:21:57
I_00002304_00002306_frgp13,impostor,13,right,00002304,00002306,B,A,A,False,0.546,InternVL3-8B-Instruct,zero_shot,2026-05-24T17:21:57
G_2415_frgp14,genuine,14,left,00002415,00002415,A,A,A,True,0.635,InternVL3-8B-Instruct,zero_shot,2026-05-24T17:21:58
G_2425_frgp13,genuine,13,right,00002425,00002425,A,A,A,True,0.638,InternVL3-8B-Instruct,zero_shot,2026-05-24T17:21:59
I_00002304_00002398_frgp13,impostor,13,right,00002304,00002398,B,A,A,False,0.544,InternVL3-8B-Instruct,zero_shot,2026-05-24T17:21:59
G_2409_frgp13,genuine,13,right,00002409,00002409,A,A,A,True,0.624,InternVL3-8B-Instruct,zero_shot,2026-05-24T17:22:00
I_00002330_00002394_frgp14,impostor,14,left,00002330,00002394,B,B,B,True,0.541,InternVL3-8B-Instruct,zero_shot,2026-05-24T17:22:00
I_00002304_00002376_frgp13,impostor,13,right,00002304,00002376,B,A,A,False,0.562,InternVL3-8B-Instruct,zero_shot,2026-05-24T17:22:01
I_00002304_00002339_frgp13,impostor,13,right,00002304,00002339,B,B,B,True,0.546,InternVL3-8B-Instruct,zero_shot,2026-05-24T17:22:01
G_2338_frgp14,genuine,14,left,00002338,00002338,A,A,A,True,0.636,InternVL3-8B-Instruct,zero_shot,2026-05-24T17:22:02
I_00002304_00002337_frgp13,impostor,13,right,00002304,00002337,B,A,A,False,0.548,InternVL3-8B-Instruct,zero_shot,2026-05-24T17:22:03
I_00002304_00002321_frgp13,impostor,13,right,00002304,00002321,B,A,A,False,0.546,InternVL3-8B-Instruct,zero_shot,2026-05-24T17:22:03
G_2386_frgp13,genuine,13,right,00002386,00002386,A,A,A,True,0.642,InternVL3-8B-Instruct,zero_shot,2026-05-24T17:22:04
I_00002330_00002310_frgp14,impostor,14,left,00002330,00002310,B,A,A,False,0.55,InternVL3-8B-Instruct,zero_shot,2026-05-24T17:22:04
I_00002304_00002326_frgp13,impostor,13,right,00002304,00002326,B,A,A,False,0.55,InternVL3-8B-Instruct,zero_shot,2026-05-24T17:22:05
I_00002304_00002315_frgp13,impostor,13,right,00002304,00002315,B,A,A,False,0.545,InternVL3-8B-Instruct,zero_shot,2026-05-24T17:22:05
I_00002330_00002356_frgp14,impostor,14,left,00002330,00002356,B,A,A,False,0.538,InternVL3-8B-Instruct,zero_shot,2026-05-24T17:22:06
G_2359_frgp14,genuine,14,left,00002359,00002359,A,A,A,True,0.631,InternVL3-8B-Instruct,zero_shot,2026-05-24T17:22:07
G_2383_frgp14,genuine,14,left,00002383,00002383,A,A,A,True,0.621,InternVL3-8B-Instruct,zero_shot,2026-05-24T17:22:07
I_00002330_00002314_frgp14,impostor,14,left,00002330,00002314,B,B,B,True,0.546,InternVL3-8B-Instruct,zero_shot,2026-05-24T17:22:08
I_00002330_00002306_frgp14,impostor,14,left,00002330,00002306,B,A,A,False,0.537,InternVL3-8B-Instruct,zero_shot,2026-05-24T17:22:08
G_2367_frgp13,genuine,13,right,00002367,00002367,A,A,A,True,0.629,InternVL3-8B-Instruct,zero_shot,2026-05-24T17:22:09
G_2380_frgp14,genuine,14,left,00002380,00002380,A,A,A,True,0.627,InternVL3-8B-Instruct,zero_shot,2026-05-24T17:22:10
I_00002330_00002406_frgp14,impostor,14,left,00002330,00002406,B,B,B,True,0.541,InternVL3-8B-Instruct,zero_shot,2026-05-24T17:22:10
I_00002330_00002334_frgp14,impostor,14,left,00002330,00002334,B,A,A,False,0.538,InternVL3-8B-Instruct,zero_shot,2026-05-24T17:22:11
I_00002304_00002338_frgp13,impostor,13,right,00002304,00002338,B,A,A,False,0.541,InternVL3-8B-Instruct,zero_shot,2026-05-24T17:22:11
G_2312_frgp14,genuine,14,left,00002312,00002312,A,A,A,True,0.622,InternVL3-8B-Instruct,zero_shot,2026-05-24T17:22:12
G_2379_frgp13,genuine,13,right,00002379,00002379,A,A,A,True,0.626,InternVL3-8B-Instruct,zero_shot,2026-05-24T17:22:12
G_2373_frgp14,genuine,14,left,00002373,00002373,A,A,A,True,0.627,InternVL3-8B-Instruct,zero_shot,2026-05-24T17:22:13
G_2355_frgp13,genuine,13,right,00002355,00002355,A,A,A,True,0.62,InternVL3-8B-Instruct,zero_shot,2026-05-24T17:22:14
G_2423_frgp14,genuine,14,left,00002423,00002423,A,A,A,True,0.625,InternVL3-8B-Instruct,zero_shot,2026-05-24T17:22:14
G_2307_frgp14,genuine,14,left,00002307,00002307,A,A,A,True,0.623,InternVL3-8B-Instruct,zero_shot,2026-05-24T17:22:15
I_00002330_00002373_frgp14,impostor,14,left,00002330,00002373,B,B,B,True,0.539,InternVL3-8B-Instruct,zero_shot,2026-05-24T17:22:16
G_2362_frgp14,genuine,14,left,00002362,00002362,A,A,A,True,0.633,InternVL3-8B-Instruct,zero_shot,2026-05-24T17:22:16
I_00002304_00002408_frgp13,impostor,13,right,00002304,00002408,B,A,A,False,0.539,InternVL3-8B-Instruct,zero_shot,2026-05-24T17:22:17
I_00002304_00002426_frgp13,impostor,13,right,00002304,00002426,B,A,A,False,0.546,InternVL3-8B-Instruct,zero_shot,2026-05-24T17:22:17
I_00002304_00002406_frgp13,impostor,13,right,00002304,00002406,B,A,A,False,0.542,InternVL3-8B-Instruct,zero_shot,2026-05-24T17:22:18
G_2428_frgp13,genuine,13,right,00002428,00002428,A,A,A,True,0.629,InternVL3-8B-Instruct,zero_shot,2026-05-24T17:22:18
I_00002330_00002384_frgp14,impostor,14,left,00002330,00002384,B,A,A,False,0.538,InternVL3-8B-Instruct,zero_shot,2026-05-24T17:22:19
I_00002304_00002481_frgp13,impostor,13,right,00002304,00002481,B,A,A,False,0.537,InternVL3-8B-Instruct,zero_shot,2026-05-24T17:22:19
G_2327_frgp13,genuine,13,right,00002327,00002327,A,A,A,True,0.614,InternVL3-8B-Instruct,zero_shot,2026-05-24T17:22:20
I_00002330_00002455_frgp14,impostor,14,left,00002330,00002455,B,A,A,False,0.542,InternVL3-8B-Instruct,zero_shot,2026-05-24T17:22:21
G_2320_frgp14,genuine,14,left,00002320,00002320,A,A,A,True,0.621,InternVL3-8B-Instruct,zero_shot,2026-05-24T17:22:21
I_00002304_00002384_frgp13,impostor,13,right,00002304,00002384,B,B,B,True,0.549,InternVL3-8B-Instruct,zero_shot,2026-05-24T17:22:22
G_2371_frgp14,genuine,14,left,00002371,00002371,A,A,A,True,0.63,InternVL3-8B-Instruct,zero_shot,2026-05-24T17:22:22
I_00002330_00002351_frgp14,impostor,14,left,00002330,00002351,B,B,B,True,0.538,InternVL3-8B-Instruct,zero_shot,2026-05-24T17:22:23
G_2360_frgp14,genuine,14,left,00002360,00002360,A,A,A,True,0.631,InternVL3-8B-Instruct,zero_shot,2026-05-24T17:22:24
G_2368_frgp13,genuine,13,right,00002368,00002368,A,A,A,True,0.632,InternVL3-8B-Instruct,zero_shot,2026-05-24T17:22:24
G_2413_frgp13,genuine,13,right,00002413,00002413,A,A,A,True,0.63,InternVL3-8B-Instruct,zero_shot,2026-05-24T17:22:25
I_00002330_00002359_frgp14,impostor,14,left,00002330,00002359,B,B,B,True,0.54,InternVL3-8B-Instruct,zero_shot,2026-05-24T17:22:25
G_2408_frgp13,genuine,13,right,00002408,00002408,A,A,A,True,0.621,InternVL3-8B-Instruct,zero_shot,2026-05-24T17:22:26
G_2321_frgp13,genuine,13,right,00002321,00002321,A,A,A,True,0.624,InternVL3-8B-Instruct,zero_shot,2026-05-24T17:22:27
I_00002304_00002359_frgp13,impostor,13,right,00002304,00002359,B,A,A,False,0.538,InternVL3-8B-Instruct,zero_shot,2026-05-24T17:22:27
G_2330_frgp13,genuine,13,right,00002330,00002330,A,A,A,True,0.623,InternVL3-8B-Instruct,zero_shot,2026-05-24T17:22:28
G_2326_frgp14,genuine,14,left,00002326,00002326,A,A,A,True,0.629,InternVL3-8B-Instruct,zero_shot,2026-05-24T17:22:28
I_00002330_00002402_frgp14,impostor,14,left,00002330,00002402,B,A,A,False,0.555,InternVL3-8B-Instruct,zero_shot,2026-05-24T17:22:29
I_00002304_00002342_frgp13,impostor,13,right,00002304,00002342,B,A,A,False,0.561,InternVL3-8B-Instruct,zero_shot,2026-05-24T17:22:30
G_2362_frgp13,genuine,13,right,00002362,00002362,A,A,A,True,0.675,InternVL3-8B-Instruct,zero_shot,2026-05-24T17:22:30
G_2408_frgp14,genuine,14,left,00002408,00002408,A,A,A,True,0.644,InternVL3-8B-Instruct,zero_shot,2026-05-24T17:22:31
I_00002330_00002391_frgp14,impostor,14,left,00002330,00002391,B,A,A,False,0.545,InternVL3-8B-Instruct,zero_shot,2026-05-24T17:22:31
G_2386_frgp14,genuine,14,left,00002386,00002386,A,A,A,True,0.653,InternVL3-8B-Instruct,zero_shot,2026-05-24T17:22:32
G_2426_frgp14,genuine,14,left,00002426,00002426,A,A,A,True,0.662,InternVL3-8B-Instruct,zero_shot,2026-05-24T17:22:33
G_2328_frgp14,genuine,14,left,00002328,00002328,A,A,A,True,0.682,InternVL3-8B-Instruct,zero_shot,2026-05-24T17:22:33
I_00002330_00002369_frgp14,impostor,14,left,00002330,00002369,B,A,A,False,0.604,InternVL3-8B-Instruct,zero_shot,2026-05-24T17:22:34
I_00002330_00002398_frgp14,impostor,14,left,00002330,00002398,B,A,A,False,0.59,InternVL3-8B-Instruct,zero_shot,2026-05-24T17:22:35
G_2396_frgp14,genuine,14,left,00002396,00002396,A,A,A,True,0.649,InternVL3-8B-Instruct,zero_shot,2026-05-24T17:22:35
G_2423_frgp13,genuine,13,right,00002423,00002423,A,A,A,True,0.668,InternVL3-8B-Instruct,zero_shot,2026-05-24T17:22:36
I_00002330_00002325_frgp14,impostor,14,left,00002330,00002325,B,B,B,True,0.56,InternVL3-8B-Instruct,zero_shot,2026-05-24T17:22:36
I_00002330_00002367_frgp14,impostor,14,left,00002330,00002367,B,A,A,False,0.555,InternVL3-8B-Instruct,zero_shot,2026-05-24T17:22:37
I_00002304_00002395_frgp13,impostor,13,right,00002304,00002395,B,A,A,False,0.554,InternVL3-8B-Instruct,zero_shot,2026-05-24T17:22:38
I_00002330_00002315_frgp14,impostor,14,left,00002330,00002315,B,A,A,False,0.555,InternVL3-8B-Instruct,zero_shot,2026-05-24T17:22:38
I_00002330_00002380_frgp14,impostor,14,left,00002330,00002380,B,A,A,False,0.561,InternVL3-8B-Instruct,zero_shot,2026-05-24T17:22:39
G_2399_frgp13,genuine,13,right,00002399,00002399,A,A,A,True,0.646,InternVL3-8B-Instruct,zero_shot,2026-05-24T17:22:39
I_00002330_00002358_frgp14,impostor,14,left,00002330,00002358,B,B,B,True,0.569,InternVL3-8B-Instruct,zero_shot,2026-05-24T17:22:40
I_00002304_00002344_frgp13,impostor,13,right,00002304,00002344,B,A,A,False,0.555,InternVL3-8B-Instruct,zero_shot,2026-05-24T17:22:40
G_2455_frgp13,genuine,13,right,00002455,00002455,A,A,A,True,0.637,InternVL3-8B-Instruct,zero_shot,2026-05-24T17:22:41
I_00002304_00002358_frgp13,impostor,13,right,00002304,00002358,B,B,B,True,0.569,InternVL3-8B-Instruct,zero_shot,2026-05-24T17:22:42
I_00002330_00002372_frgp14,impostor,14,left,00002330,00002372,B,A,A,False,0.545,InternVL3-8B-Instruct,zero_shot,2026-05-24T17:22:42
G_2320_frgp13,genuine,13,right,00002320,00002320,A,A,A,True,0.644,InternVL3-8B-Instruct,zero_shot,2026-05-24T17:22:43
I_00002330_00002304_frgp14,impostor,14,left,00002330,00002304,B,B,B,True,0.561,InternVL3-8B-Instruct,zero_shot,2026-05-24T17:22:43
G_2409_frgp14,genuine,14,left,00002409,00002409,A,A,A,True,0.644,InternVL3-8B-Instruct,zero_shot,2026-05-24T17:22:44
I_00002304_00002332_frgp13,impostor,13,right,00002304,00002332,B,A,A,False,0.555,InternVL3-8B-Instruct,zero_shot,2026-05-24T17:22:45
G_2314_frgp13,genuine,13,right,00002314,00002314,A,A,A,True,0.627,InternVL3-8B-Instruct,zero_shot,2026-05-24T17:22:45
G_2374_frgp14,genuine,14,left,00002374,00002374,A,A,A,True,0.646,InternVL3-8B-Instruct,zero_shot,2026-05-24T17:22:46
G_2349_frgp13,genuine,13,right,00002349,00002349,A,A,A,True,0.662,InternVL3-8B-Instruct,zero_shot,2026-05-24T17:22:47
G_2352_frgp14,genuine,14,left,00002352,00002352,A,A,A,True,0.634,InternVL3-8B-Instruct,zero_shot,2026-05-24T17:22:47
G_2425_frgp14,genuine,14,left,00002425,00002425,A,A,A,True,0.648,InternVL3-8B-Instruct,zero_shot,2026-05-24T17:22:48
I_00002330_00002374_frgp14,impostor,14,left,00002330,00002374,B,B,B,True,0.551,InternVL3-8B-Instruct,zero_shot,2026-05-24T17:22:48
G_2455_frgp14,genuine,14,left,00002455,00002455,A,A,A,True,0.64,InternVL3-8B-Instruct,zero_shot,2026-05-24T17:22:49
G_2321_frgp14,genuine,14,left,00002321,00002321,A,A,A,True,0.638,InternVL3-8B-Instruct,zero_shot,2026-05-24T17:22:50
G_2424_frgp14,genuine,14,left,00002424,00002424,A,A,A,True,0.637,InternVL3-8B-Instruct,zero_shot,2026-05-24T17:22:50
G_2447_frgp14,genuine,14,left,00002447,00002447,A,A,A,True,0.645,InternVL3-8B-Instruct,zero_shot,2026-05-24T17:22:51
G_2303_frgp13,genuine,13,right,00002303,00002303,A,A,A,True,0.652,InternVL3-8B-Instruct,zero_shot,2026-05-24T17:22:52
G_2319_frgp14,genuine,14,left,00002319,00002319,A,A,A,True,0.631,InternVL3-8B-Instruct,zero_shot,2026-05-24T17:22:52
I_00002304_00002380_frgp13,impostor,13,right,00002304,00002380,B,A,A,False,0.556,InternVL3-8B-Instruct,zero_shot,2026-05-24T17:22:53
I_00002304_00002399_frgp13,impostor,13,right,00002304,00002399,B,A,A,False,0.55,InternVL3-8B-Instruct,zero_shot,2026-05-24T17:22:53
G_2388_frgp14,genuine,14,left,00002388,00002388,A,A,A,True,0.644,InternVL3-8B-Instruct,zero_shot,2026-05-24T17:22:54
G_2481_frgp13,genuine,13,right,00002481,00002481,A,A,A,True,0.638,InternVL3-8B-Instruct,zero_shot,2026-05-24T17:22:55
I_00002304_00002388_frgp13,impostor,13,right,00002304,00002388,B,A,A,False,0.547,InternVL3-8B-Instruct,zero_shot,2026-05-24T17:22:55
G_2310_frgp14,genuine,14,left,00002310,00002310,A,A,A,True,0.637,InternVL3-8B-Instruct,zero_shot,2026-05-24T17:22:56
I_00002330_00002386_frgp14,impostor,14,left,00002330,00002386,B,B,B,True,0.55,InternVL3-8B-Instruct,zero_shot,2026-05-24T17:22:56
I_00002304_00002372_frgp13,impostor,13,right,00002304,00002372,B,A,A,False,0.556,InternVL3-8B-Instruct,zero_shot,2026-05-24T17:22:57
I_00002304_00002314_frgp13,impostor,13,right,00002304,00002314,B,A,A,False,0.551,InternVL3-8B-Instruct,zero_shot,2026-05-24T17:22:57
G_2355_frgp14,genuine,14,left,00002355,00002355,A,A,A,True,0.634,InternVL3-8B-Instruct,zero_shot,2026-05-24T17:22:58
I_00002304_00002303_frgp13,impostor,13,right,00002304,00002303,B,A,A,False,0.556,InternVL3-8B-Instruct,zero_shot,2026-05-24T17:22:59
I_00002330_00002407_frgp14,impostor,14,left,00002330,00002407,B,A,A,False,0.547,InternVL3-8B-Instruct,zero_shot,2026-05-24T17:22:59
G_2358_frgp14,genuine,14,left,00002358,00002358,A,A,A,True,0.641,InternVL3-8B-Instruct,zero_shot,2026-05-24T17:23:00
I_00002304_00002402_frgp13,impostor,13,right,00002304,00002402,B,A,A,False,0.554,InternVL3-8B-Instruct,zero_shot,2026-05-24T17:23:00
G_2351_frgp14,genuine,14,left,00002351,00002351,A,A,A,True,0.632,InternVL3-8B-Instruct,zero_shot,2026-05-24T17:23:01
I_00002330_00002327_frgp14,impostor,14,left,00002330,00002327,B,A,A,False,0.554,InternVL3-8B-Instruct,zero_shot,2026-05-24T17:23:02
I_00002304_00002440_frgp13,impostor,13,right,00002304,00002440,B,B,B,True,0.554,InternVL3-8B-Instruct,zero_shot,2026-05-24T17:23:02
G_2374_frgp13,genuine,13,right,00002374,00002374,A,A,A,True,0.655,InternVL3-8B-Instruct,zero_shot,2026-05-24T17:23:03
G_2306_frgp14,genuine,14,left,00002306,00002306,A,A,A,True,0.639,InternVL3-8B-Instruct,zero_shot,2026-05-24T17:23:03
G_2372_frgp13,genuine,13,right,00002372,00002372,A,A,A,True,0.63,InternVL3-8B-Instruct,zero_shot,2026-05-24T17:23:04
G_2407_frgp13,genuine,13,right,00002407,00002407,A,A,A,True,0.644,InternVL3-8B-Instruct,zero_shot,2026-05-24T17:23:05
I_00002330_00002401_frgp14,impostor,14,left,00002330,00002401,B,B,B,True,0.555,InternVL3-8B-Instruct,zero_shot,2026-05-24T17:23:05
I_00002330_00002463_frgp14,impostor,14,left,00002330,00002463,B,A,A,False,0.558,InternVL3-8B-Instruct,zero_shot,2026-05-24T17:23:06
G_2348_frgp14,genuine,14,left,00002348,00002348,A,A,A,True,0.635,InternVL3-8B-Instruct,zero_shot,2026-05-24T17:23:06
G_2319_frgp13,genuine,13,right,00002319,00002319,A,A,A,True,0.633,InternVL3-8B-Instruct,zero_shot,2026-05-24T17:23:07
G_2315_frgp13,genuine,13,right,00002315,00002315,A,A,A,True,0.636,InternVL3-8B-Instruct,zero_shot,2026-05-24T17:23:08
G_2307_frgp13,genuine,13,right,00002307,00002307,A,A,A,True,0.64,InternVL3-8B-Instruct,zero_shot,2026-05-24T17:23:08
I_00002304_00002330_frgp13,impostor,13,right,00002304,00002330,B,A,A,False,0.559,InternVL3-8B-Instruct,zero_shot,2026-05-24T17:23:09
I_00002304_00002423_frgp13,impostor,13,right,00002304,00002423,B,A,A,False,0.552,InternVL3-8B-Instruct,zero_shot,2026-05-24T17:23:10
G_2344_frgp13,genuine,13,right,00002344,00002344,A,A,A,True,0.641,InternVL3-8B-Instruct,zero_shot,2026-05-24T17:23:10
I_00002330_00002342_frgp14,impostor,14,left,00002330,00002342,B,B,B,True,0.555,InternVL3-8B-Instruct,zero_shot,2026-05-24T17:23:11
G_2306_frgp13,genuine,13,right,00002306,00002306,A,A,A,True,0.64,InternVL3-8B-Instruct,zero_shot,2026-05-24T17:23:11
I_00002330_00002320_frgp14,impostor,14,left,00002330,00002320,B,B,B,True,0.555,InternVL3-8B-Instruct,zero_shot,2026-05-24T17:23:12
G_2395_frgp14,genuine,14,left,00002395,00002395,A,A,A,True,0.642,InternVL3-8B-Instruct,zero_shot,2026-05-24T17:23:13
I_00002330_00002303_frgp14,impostor,14,left,00002330,00002303,B,B,B,True,0.555,InternVL3-8B-Instruct,zero_shot,2026-05-24T17:23:13
G_2357_frgp14,genuine,14,left,00002357,00002357,A,A,A,True,0.642,InternVL3-8B-Instruct,zero_shot,2026-05-24T17:23:14
I_00002330_00002328_frgp14,impostor,14,left,00002330,00002328,B,A,A,False,0.548,InternVL3-8B-Instruct,zero_shot,2026-05-24T17:23:14
I_00002304_00002375_frgp13,impostor,13,right,00002304,00002375,B,A,A,False,0.557,InternVL3-8B-Instruct,zero_shot,2026-05-24T17:23:15
I_00002330_00002353_frgp14,impostor,14,left,00002330,00002353,B,A,A,False,0.553,InternVL3-8B-Instruct,zero_shot,2026-05-24T17:23:15
I_00002304_00002356_frgp13,impostor,13,right,00002304,00002356,B,B,B,True,0.562,InternVL3-8B-Instruct,zero_shot,2026-05-24T17:23:16
G_2303_frgp14,genuine,14,left,00002303,00002303,A,A,A,True,0.641,InternVL3-8B-Instruct,zero_shot,2026-05-24T17:23:17
G_2341_frgp14,genuine,14,left,00002341,00002341,A,A,A,True,0.637,InternVL3-8B-Instruct,zero_shot,2026-05-24T17:23:17
I_00002330_00002321_frgp14,impostor,14,left,00002330,00002321,B,A,A,False,0.553,InternVL3-8B-Instruct,zero_shot,2026-05-24T17:23:18
I_00002330_00002344_frgp14,impostor,14,left,00002330,00002344,B,A,A,False,0.55,InternVL3-8B-Instruct,zero_shot,2026-05-24T17:23:18
G_2424_frgp13,genuine,13,right,00002424,00002424,A,A,A,True,0.641,InternVL3-8B-Instruct,zero_shot,2026-05-24T17:23:19
G_2330_frgp14,genuine,14,left,00002330,00002330,A,A,A,True,0.635,InternVL3-8B-Instruct,zero_shot,2026-05-24T17:23:20
G_2353_frgp14,genuine,14,left,00002353,00002353,A,A,A,True,0.626,InternVL3-8B-Instruct,zero_shot,2026-05-24T17:23:20
I_00002304_00002418_frgp13,impostor,13,right,00002304,00002418,B,A,A,False,0.557,InternVL3-8B-Instruct,zero_shot,2026-05-24T17:23:21
G_2376_frgp14,genuine,14,left,00002376,00002376,A,A,A,True,0.65,InternVL3-8B-Instruct,zero_shot,2026-05-24T17:23:21
G_2415_frgp13,genuine,13,right,00002415,00002415,A,A,A,True,0.653,InternVL3-8B-Instruct,zero_shot,2026-05-24T17:23:22
I_00002304_00002374_frgp13,impostor,13,right,00002304,00002374,B,A,A,False,0.562,InternVL3-8B-Instruct,zero_shot,2026-05-24T17:23:23
I_00002330_00002403_frgp14,impostor,14,left,00002330,00002403,B,B,B,True,0.55,InternVL3-8B-Instruct,zero_shot,2026-05-24T17:23:23
G_2328_frgp13,genuine,13,right,00002328,00002328,A,A,A,True,0.641,InternVL3-8B-Instruct,zero_shot,2026-05-24T17:23:24
I_00002330_00002307_frgp14,impostor,14,left,00002330,00002307,B,A,A,False,0.549,InternVL3-8B-Instruct,zero_shot,2026-05-24T17:23:24
I_00002304_00002401_frgp13,impostor,13,right,00002304,00002401,B,A,A,False,0.559,InternVL3-8B-Instruct,zero_shot,2026-05-24T17:23:25
G_2334_frgp14,genuine,14,left,00002334,00002334,A,A,A,True,0.633,InternVL3-8B-Instruct,zero_shot,2026-05-24T17:23:26
I_00002330_00002413_frgp14,impostor,14,left,00002330,00002413,B,A,A,False,0.552,InternVL3-8B-Instruct,zero_shot,2026-05-24T17:23:26
G_2340_frgp13,genuine,13,right,00002340,00002340,A,A,A,True,0.641,InternVL3-8B-Instruct,zero_shot,2026-05-24T17:23:27
G_2369_frgp13,genuine,13,right,00002369,00002369,A,A,A,True,0.634,InternVL3-8B-Instruct,zero_shot,2026-05-24T17:23:27
I_00002330_00002462_frgp14,impostor,14,left,00002330,00002462,B,A,A,False,0.554,InternVL3-8B-Instruct,zero_shot,2026-05-24T17:23:28
I_00002330_00002415_frgp14,impostor,14,left,00002330,00002415,B,A,A,False,0.555,InternVL3-8B-Instruct,zero_shot,2026-05-24T17:23:29
G_2370_frgp14,genuine,14,left,00002370,00002370,A,A,A,True,0.629,InternVL3-8B-Instruct,zero_shot,2026-05-24T17:23:29
I_00002304_00002373_frgp13,impostor,13,right,00002304,00002373,B,A,A,False,0.557,InternVL3-8B-Instruct,zero_shot,2026-05-24T17:23:30
I_00002330_00002405_frgp14,impostor,14,left,00002330,00002405,B,B,B,True,0.55,InternVL3-8B-Instruct,zero_shot,2026-05-24T17:23:30
I_00002330_00002340_frgp14,impostor,14,left,00002330,00002340,B,A,A,False,0.555,InternVL3-8B-Instruct,zero_shot,2026-05-24T17:23:31
G_2329_frgp14,genuine,14,left,00002329,00002329,A,A,A,True,0.636,InternVL3-8B-Instruct,zero_shot,2026-05-24T17:23:31
I_00002330_00002364_frgp14,impostor,14,left,00002330,00002364,B,A,A,False,0.556,InternVL3-8B-Instruct,zero_shot,2026-05-24T17:23:32
I_00002304_00002403_frgp13,impostor,13,right,00002304,00002403,B,B,B,True,0.557,InternVL3-8B-Instruct,zero_shot,2026-05-24T17:23:33
I_00002330_00002360_frgp14,impostor,14,left,00002330,00002360,B,A,A,False,0.548,InternVL3-8B-Instruct,zero_shot,2026-05-24T17:23:33
G_2356_frgp14,genuine,14,left,00002356,00002356,A,A,A,True,0.637,InternVL3-8B-Instruct,zero_shot,2026-05-24T17:23:34
G_2463_frgp13,genuine,13,right,00002463,00002463,A,A,A,True,0.636,InternVL3-8B-Instruct,zero_shot,2026-05-24T17:23:34
I_00002304_00002364_frgp13,impostor,13,right,00002304,00002364,B,A,A,False,0.558,InternVL3-8B-Instruct,zero_shot,2026-05-24T17:23:35
G_2391_frgp14,genuine,14,left,00002391,00002391,A,A,A,True,0.642,InternVL3-8B-Instruct,zero_shot,2026-05-24T17:23:36
I_00002304_00002391_frgp13,impostor,13,right,00002304,00002391,B,A,A,False,0.55,InternVL3-8B-Instruct,zero_shot,2026-05-24T17:23:36
G_2406_frgp14,genuine,14,left,00002406,00002406,A,A,A,True,0.643,InternVL3-8B-Instruct,zero_shot,2026-05-24T17:23:37
I_00002330_00002399_frgp14,impostor,14,left,00002330,00002399,B,A,A,False,0.556,InternVL3-8B-Instruct,zero_shot,2026-05-24T17:23:37
G_2358_frgp13,genuine,13,right,00002358,00002358,A,A,A,True,0.644,InternVL3-8B-Instruct,zero_shot,2026-05-24T17:23:38
I_00002304_00002392_frgp13,impostor,13,right,00002304,00002392,B,A,A,False,0.56,InternVL3-8B-Instruct,zero_shot,2026-05-24T17:23:39
I_00002304_00002394_frgp13,impostor,13,right,00002304,00002394,B,A,A,False,0.552,InternVL3-8B-Instruct,zero_shot,2026-05-24T17:23:39
G_2312_frgp13,genuine,13,right,00002312,00002312,A,A,A,True,0.641,InternVL3-8B-Instruct,zero_shot,2026-05-24T17:23:40
I_00002304_00002349_frgp13,impostor,13,right,00002304,00002349,B,A,A,False,0.55,InternVL3-8B-Instruct,zero_shot,2026-05-24T17:23:40
G_2340_frgp14,genuine,14,left,00002340,00002340,A,A,A,True,0.639,InternVL3-8B-Instruct,zero_shot,2026-05-24T17:23:41
I_00002330_00002341_frgp14,impostor,14,left,00002330,00002341,B,A,A,False,0.553,InternVL3-8B-Instruct,zero_shot,2026-05-24T17:23:41
G_2313_frgp14,genuine,14,left,00002313,00002313,A,A,A,True,0.635,InternVL3-8B-Instruct,zero_shot,2026-05-24T17:23:42
I_00002330_00002332_frgp14,impostor,14,left,00002330,00002332,B,A,A,False,0.552,InternVL3-8B-Instruct,zero_shot,2026-05-24T17:23:43
G_2344_frgp14,genuine,14,left,00002344,00002344,A,A,A,True,0.633,InternVL3-8B-Instruct,zero_shot,2026-05-24T17:23:43
G_2375_frgp14,genuine,14,left,00002375,00002375,A,A,A,True,0.656,InternVL3-8B-Instruct,zero_shot,2026-05-24T17:23:44
I_00002304_00002340_frgp13,impostor,13,right,00002304,00002340,B,A,A,False,0.561,InternVL3-8B-Instruct,zero_shot,2026-05-24T17:23:45
G_2392_frgp13,genuine,13,right,00002392,00002392,A,A,A,True,0.641,InternVL3-8B-Instruct,zero_shot,2026-05-24T17:23:45
G_2402_frgp14,genuine,14,left,00002402,00002402,A,A,A,True,0.644,InternVL3-8B-Instruct,zero_shot,2026-05-24T17:23:46
I_00002330_00002408_frgp14,impostor,14,left,00002330,00002408,B,B,B,True,0.549,InternVL3-8B-Instruct,zero_shot,2026-05-24T17:23:46
G_2304_frgp13,genuine,13,right,00002304,00002304,A,A,A,True,0.637,InternVL3-8B-Instruct,zero_shot,2026-05-24T17:23:47
I_00002330_00002370_frgp14,impostor,14,left,00002330,00002370,B,A,A,False,0.553,InternVL3-8B-Instruct,zero_shot,2026-05-24T17:23:48
G_2395_frgp13,genuine,13,right,00002395,00002395,A,A,A,True,0.632,InternVL3-8B-Instruct,zero_shot,2026-05-24T17:23:48
I_00002304_00002405_frgp13,impostor,13,right,00002304,00002405,B,A,A,False,0.555,InternVL3-8B-Instruct,zero_shot,2026-05-24T17:23:49
G_2462_frgp14,genuine,14,left,00002462,00002462,A,A,A,True,0.634,InternVL3-8B-Instruct,zero_shot,2026-05-24T17:23:49
G_2379_frgp14,genuine,14,left,00002379,00002379,A,A,A,True,0.648,InternVL3-8B-Instruct,zero_shot,2026-05-24T17:23:50
G_2337_frgp14,genuine,14,left,00002337,00002337,A,A,A,True,0.642,InternVL3-8B-Instruct,zero_shot,2026-05-24T17:23:51
I_00002304_00002352_frgp13,impostor,13,right,00002304,00002352,B,A,A,False,0.552,InternVL3-8B-Instruct,zero_shot,2026-05-24T17:23:51
I_00002330_00002348_frgp14,impostor,14,left,00002330,00002348,B,A,A,False,0.555,InternVL3-8B-Instruct,zero_shot,2026-05-24T17:23:52
I_00002412_00002371_frgp14,impostor,14,left,00002412,00002371,B,B,B,True,0.548,InternVL3-8B-Instruct,zero_shot,2026-05-24T17:23:52
G_2463_frgp14,genuine,14,left,00002463,00002463,A,A,A,True,0.642,InternVL3-8B-Instruct,zero_shot,2026-05-24T17:23:53
I_00002330_00002349_frgp14,impostor,14,left,00002330,00002349,B,B,B,True,0.557,InternVL3-8B-Instruct,zero_shot,2026-05-24T17:23:54
I_00002304_00002381_frgp13,impostor,13,right,00002304,00002381,B,A,A,False,0.554,InternVL3-8B-Instruct,zero_shot,2026-05-24T17:23:54
I_00002304_00002371_frgp13,impostor,13,right,00002304,00002371,B,A,A,False,0.554,InternVL3-8B-Instruct,zero_shot,2026-05-24T17:23:55
I_00002304_00002428_frgp13,impostor,13,right,00002304,00002428,B,A,A,False,0.547,InternVL3-8B-Instruct,zero_shot,2026-05-24T17:23:55
G_2391_frgp13,genuine,13,right,00002391,00002391,A,A,A,True,0.641,InternVL3-8B-Instruct,zero_shot,2026-05-24T17:23:56
G_2402_frgp13,genuine,13,right,00002402,00002402,A,A,A,True,0.645,InternVL3-8B-Instruct,zero_shot,2026-05-24T17:23:56
G_2381_frgp13,genuine,13,right,00002381,00002381,A,A,A,True,0.637,InternVL3-8B-Instruct,zero_shot,2026-05-24T17:23:57
I_00002304_00002353_frgp13,impostor,13,right,00002304,00002353,B,A,A,False,0.558,InternVL3-8B-Instruct,zero_shot,2026-05-24T17:23:58
G_2360_frgp13,genuine,13,right,00002360,00002360,A,A,A,True,0.636,InternVL3-8B-Instruct,zero_shot,2026-05-24T17:23:58
I_00002330_00002392_frgp14,impostor,14,left,00002330,00002392,B,A,A,False,0.555,InternVL3-8B-Instruct,zero_shot,2026-05-24T17:23:59
I_00002330_00002313_frgp14,impostor,14,left,00002330,00002313,B,B,B,True,0.548,InternVL3-8B-Instruct,zero_shot,2026-05-24T17:23:59
G_2384_frgp13,genuine,13,right,00002384,00002384,A,A,A,True,0.645,InternVL3-8B-Instruct,zero_shot,2026-05-24T17:24:00
G_2405_frgp13,genuine,13,right,00002405,00002405,A,A,A,True,0.634,InternVL3-8B-Instruct,zero_shot,2026-05-24T17:24:01
I_00002330_00002329_frgp14,impostor,14,left,00002330,00002329,B,A,A,False,0.551,InternVL3-8B-Instruct,zero_shot,2026-05-24T17:24:01
G_2357_frgp13,genuine,13,right,00002357,00002357,A,A,A,True,0.652,InternVL3-8B-Instruct,zero_shot,2026-05-24T17:24:02
I_00002304_00002369_frgp13,impostor,13,right,00002304,00002369,B,A,A,False,0.551,InternVL3-8B-Instruct,zero_shot,2026-05-24T17:24:02
G_2325_frgp14,genuine,14,left,00002325,00002325,A,A,A,True,0.631,InternVL3-8B-Instruct,zero_shot,2026-05-24T17:24:03
I_00002304_00002367_frgp13,impostor,13,right,00002304,00002367,B,A,A,False,0.554,InternVL3-8B-Instruct,zero_shot,2026-05-24T17:24:04
I_00002330_00002357_frgp14,impostor,14,left,00002330,00002357,B,A,A,False,0.549,InternVL3-8B-Instruct,zero_shot,2026-05-24T17:24:04
I_00002304_00002455_frgp13,impostor,13,right,00002304,00002455,B,A,A,False,0.553,InternVL3-8B-Instruct,zero_shot,2026-05-24T17:24:05
I_00002304_00002409_frgp13,impostor,13,right,00002304,00002409,B,A,A,False,0.546,InternVL3-8B-Instruct,zero_shot,2026-05-24T17:24:05
I_00002304_00002327_frgp13,impostor,13,right,00002304,00002327,B,B,B,True,0.554,InternVL3-8B-Instruct,zero_shot,2026-05-24T17:24:06
G_2405_frgp14,genuine,14,left,00002405,00002405,A,A,A,True,0.628,InternVL3-8B-Instruct,zero_shot,2026-05-24T17:24:06
G_2339_frgp13,genuine,13,right,00002339,00002339,A,A,A,True,0.636,InternVL3-8B-Instruct,zero_shot,2026-05-24T17:24:07
I_00002304_00002462_frgp13,impostor,13,right,00002304,00002462,B,A,A,False,0.553,InternVL3-8B-Instruct,zero_shot,2026-05-24T17:24:08
I_00002304_00002379_frgp13,impostor,13,right,00002304,00002379,B,A,A,False,0.552,InternVL3-8B-Instruct,zero_shot,2026-05-24T17:24:08
G_2428_frgp14,genuine,14,left,00002428,00002428,A,A,A,True,0.641,InternVL3-8B-Instruct,zero_shot,2026-05-24T17:24:09
I_00002304_00002351_frgp13,impostor,13,right,00002304,00002351,B,B,B,True,0.545,InternVL3-8B-Instruct,zero_shot,2026-05-24T17:24:09
I_00002330_00002368_frgp14,impostor,14,left,00002330,00002368,B,A,A,False,0.557,InternVL3-8B-Instruct,zero_shot,2026-05-24T17:24:10
I_00002304_00002413_frgp13,impostor,13,right,00002304,00002413,B,A,A,False,0.555,InternVL3-8B-Instruct,zero_shot,2026-05-24T17:24:10
I_00002304_00002362_frgp13,impostor,13,right,00002304,00002362,B,A,A,False,0.551,InternVL3-8B-Instruct,zero_shot,2026-05-24T17:24:11
I_00002304_00002329_frgp13,impostor,13,right,00002304,00002329,B,A,A,False,0.565,InternVL3-8B-Instruct,zero_shot,2026-05-24T17:24:12
G_2381_frgp14,genuine,14,left,00002381,00002381,A,A,A,True,0.635,InternVL3-8B-Instruct,zero_shot,2026-05-24T17:24:12
G_2304_frgp14,genuine,14,left,00002304,00002304,A,A,A,True,0.645,InternVL3-8B-Instruct,zero_shot,2026-05-24T17:24:13
I_00002304_00002320_frgp13,impostor,13,right,00002304,00002320,B,A,A,False,0.546,InternVL3-8B-Instruct,zero_shot,2026-05-24T17:24:13
I_00002304_00002396_frgp13,impostor,13,right,00002304,00002396,B,A,A,False,0.557,InternVL3-8B-Instruct,zero_shot,2026-05-24T17:24:14
G_2327_frgp14,genuine,14,left,00002327,00002327,A,A,A,True,0.636,InternVL3-8B-Instruct,zero_shot,2026-05-24T17:24:15
G_2371_frgp13,genuine,13,right,00002371,00002371,A,A,A,True,0.629,InternVL3-8B-Instruct,zero_shot,2026-05-24T17:24:15
G_2349_frgp14,genuine,14,left,00002349,00002349,A,A,A,True,0.659,InternVL3-8B-Instruct,zero_shot,2026-05-24T17:24:16
G_2317_frgp13,genuine,13,right,00002317,00002317,A,A,A,True,0.648,InternVL3-8B-Instruct,zero_shot,2026-05-24T17:24:17
G_2329_frgp13,genuine,13,right,00002329,00002329,A,A,A,True,0.633,InternVL3-8B-Instruct,zero_shot,2026-05-24T17:24:17
I_00002304_00002415_frgp13,impostor,13,right,00002304,00002415,B,A,A,False,0.557,InternVL3-8B-Instruct,zero_shot,2026-05-24T17:24:18
I_00002330_00002338_frgp14,impostor,14,left,00002330,00002338,B,A,A,False,0.553,InternVL3-8B-Instruct,zero_shot,2026-05-24T17:24:18
G_2368_frgp14,genuine,14,left,00002368,00002368,A,A,A,True,0.644,InternVL3-8B-Instruct,zero_shot,2026-05-24T17:24:19
I_00002330_00002381_frgp14,impostor,14,left,00002330,00002381,B,A,A,False,0.552,InternVL3-8B-Instruct,zero_shot,2026-05-24T17:24:19
I_00002304_00002325_frgp13,impostor,13,right,00002304,00002325,B,A,A,False,0.555,InternVL3-8B-Instruct,zero_shot,2026-05-24T17:24:20
G_2418_frgp13,genuine,13,right,00002418,00002418,A,A,A,True,0.646,InternVL3-8B-Instruct,zero_shot,2026-05-24T17:24:21
G_2481_frgp14,genuine,14,left,00002481,00002481,A,A,A,True,0.631,InternVL3-8B-Instruct,zero_shot,2026-05-24T17:24:21
I_00002304_00002368_frgp13,impostor,13,right,00002304,00002368,B,A,A,False,0.558,InternVL3-8B-Instruct,zero_shot,2026-05-24T17:24:22
G_2352_frgp13,genuine,13,right,00002352,00002352,A,A,A,True,0.644,InternVL3-8B-Instruct,zero_shot,2026-05-24T17:24:23
I_00002304_00002370_frgp13,impostor,13,right,00002304,00002370,B,A,A,False,0.55,InternVL3-8B-Instruct,zero_shot,2026-05-24T17:24:23
I_00002330_00002355_frgp14,impostor,14,left,00002330,00002355,B,A,A,False,0.552,InternVL3-8B-Instruct,zero_shot,2026-05-24T17:24:24
G_2342_frgp14,genuine,14,left,00002342,00002342,A,A,A,True,0.637,InternVL3-8B-Instruct,zero_shot,2026-05-24T17:24:24
I_00002330_00002376_frgp14,impostor,14,left,00002330,00002376,B,A,A,False,0.558,InternVL3-8B-Instruct,zero_shot,2026-05-24T17:24:25
G_2367_frgp14,genuine,14,left,00002367,00002367,A,A,A,True,0.636,InternVL3-8B-Instruct,zero_shot,2026-05-24T17:24:25
G_2401_frgp13,genuine,13,right,00002401,00002401,A,A,A,True,0.642,InternVL3-8B-Instruct,zero_shot,2026-05-24T17:24:26
I_00002304_00002357_frgp13,impostor,13,right,00002304,00002357,B,A,A,False,0.558,InternVL3-8B-Instruct,zero_shot,2026-05-24T17:24:27
I_00002330_00002425_frgp14,impostor,14,left,00002330,00002425,B,A,A,False,0.546,InternVL3-8B-Instruct,zero_shot,2026-05-24T17:24:27
G_2317_frgp14,genuine,14,left,00002317,00002317,A,A,A,True,0.64,InternVL3-8B-Instruct,zero_shot,2026-05-24T17:24:28
G_2412_frgp13,genuine,13,right,00002412,00002412,A,A,A,True,0.636,InternVL3-8B-Instruct,zero_shot,2026-05-24T17:24:28
G_2314_frgp14,genuine,14,left,00002314,00002314,A,A,A,True,0.627,InternVL3-8B-Instruct,zero_shot,2026-05-24T17:24:29
I_00002304_00002355_frgp13,impostor,13,right,00002304,00002355,B,B,B,True,0.555,InternVL3-8B-Instruct,zero_shot,2026-05-24T17:24:30
G_2334_frgp13,genuine,13,right,00002334,00002334,A,A,A,True,0.627,InternVL3-8B-Instruct,zero_shot,2026-05-24T17:24:30
G_2388_frgp13,genuine,13,right,00002388,00002388,A,A,A,True,0.641,InternVL3-8B-Instruct,zero_shot,2026-05-24T17:24:31
G_2413_frgp14,genuine,14,left,00002413,00002413,A,A,A,True,0.649,InternVL3-8B-Instruct,zero_shot,2026-05-24T17:24:32
G_2310_frgp13,genuine,13,right,00002310,00002310,A,A,A,True,0.638,InternVL3-8B-Instruct,zero_shot,2026-05-24T17:24:32
I_00002330_00002319_frgp14,impostor,14,left,00002330,00002319,B,A,A,False,0.557,InternVL3-8B-Instruct,zero_shot,2026-05-24T17:24:33
I_00002330_00002362_frgp14,impostor,14,left,00002330,00002362,B,A,A,False,0.546,InternVL3-8B-Instruct,zero_shot,2026-05-24T17:24:33
G_2339_frgp14,genuine,14,left,00002339,00002339,A,A,A,True,0.642,InternVL3-8B-Instruct,zero_shot,2026-05-24T17:24:34
G_2380_frgp13,genuine,13,right,00002380,00002380,A,A,A,True,0.636,InternVL3-8B-Instruct,zero_shot,2026-05-24T17:24:35
I_00002330_00002388_frgp14,impostor,14,left,00002330,00002388,B,A,A,False,0.549,InternVL3-8B-Instruct,zero_shot,2026-05-24T17:24:35
G_2383_frgp13,genuine,13,right,00002383,00002383,A,A,A,True,0.64,InternVL3-8B-Instruct,zero_shot,2026-05-24T17:24:36
G_2376_frgp13,genuine,13,right,00002376,00002376,A,A,A,True,0.644,InternVL3-8B-Instruct,zero_shot,2026-05-24T17:24:36
G_2337_frgp13,genuine,13,right,00002337,00002337,A,A,A,True,0.635,InternVL3-8B-Instruct,zero_shot,2026-05-24T17:24:37
I_00002330_00002337_frgp14,impostor,14,left,00002330,00002337,B,A,A,False,0.556,InternVL3-8B-Instruct,zero_shot,2026-05-24T17:24:38
I_00002330_00002418_frgp14,impostor,14,left,00002330,00002418,B,A,A,False,0.55,InternVL3-8B-Instruct,zero_shot,2026-05-24T17:24:38
G_2399_frgp14,genuine,14,left,00002399,00002399,A,A,A,True,0.645,InternVL3-8B-Instruct,zero_shot,2026-05-24T17:24:39
I_00002330_00002317_frgp14,impostor,14,left,00002330,00002317,B,A,A,False,0.549,InternVL3-8B-Instruct,zero_shot,2026-05-24T17:24:39
G_2364_frgp14,genuine,14,left,00002364,00002364,A,A,A,True,0.639,InternVL3-8B-Instruct,zero_shot,2026-05-24T17:24:40
G_2348_frgp13,genuine,13,right,00002348,00002348,A,A,A,True,0.633,InternVL3-8B-Instruct,zero_shot,2026-05-24T17:24:41
I_00002304_00002447_frgp13,impostor,13,right,00002304,00002447,B,A,A,False,0.549,InternVL3-8B-Instruct,zero_shot,2026-05-24T17:24:41
G_2440_frgp13,genuine,13,right,00002440,00002440,A,A,A,True,0.64,InternVL3-8B-Instruct,zero_shot,2026-05-24T17:24:42
I_00002304_00002310_frgp13,impostor,13,right,00002304,00002310,B,A,A,False,0.545,InternVL3-8B-Instruct,zero_shot,2026-05-24T17:24:42
G_2398_frgp13,genuine,13,right,00002398,00002398,A,A,A,True,0.639,InternVL3-8B-Instruct,zero_shot,2026-05-24T17:24:43
G_2447_frgp13,genuine,13,right,00002447,00002447,A,A,A,True,0.644,InternVL3-8B-Instruct,zero_shot,2026-05-24T17:24:44
I_00002304_00002317_frgp13,impostor,13,right,00002304,00002317,B,A,A,False,0.547,InternVL3-8B-Instruct,zero_shot,2026-05-24T17:24:44
G_2398_frgp14,genuine,14,left,00002398,00002398,A,A,A,True,0.635,InternVL3-8B-Instruct,zero_shot,2026-05-24T17:24:45
G_2338_frgp13,genuine,13,right,00002338,00002338,A,A,A,True,0.636,InternVL3-8B-Instruct,zero_shot,2026-05-24T17:24:45
G_2364_frgp13,genuine,13,right,00002364,00002364,A,A,A,True,0.632,InternVL3-8B-Instruct,zero_shot,2026-05-24T17:24:46
I_00002304_00002328_frgp13,impostor,13,right,00002304,00002328,B,A,A,False,0.556,InternVL3-8B-Instruct,zero_shot,2026-05-24T17:24:47
G_2403_frgp14,genuine,14,left,00002403,00002403,A,A,A,True,0.631,InternVL3-8B-Instruct,zero_shot,2026-05-24T17:24:47
G_2315_frgp14,genuine,14,left,00002315,00002315,A,A,A,True,0.642,InternVL3-8B-Instruct,zero_shot,2026-05-24T17:24:48
I_00002330_00002428_frgp14,impostor,14,left,00002330,00002428,B,A,A,False,0.553,InternVL3-8B-Instruct,zero_shot,2026-05-24T17:24:48
I_00002330_00002424_frgp14,impostor,14,left,00002330,00002424,B,A,A,False,0.55,InternVL3-8B-Instruct,zero_shot,2026-05-24T17:24:49
I_00002304_00002313_frgp13,impostor,13,right,00002304,00002313,B,A,A,False,0.553,InternVL3-8B-Instruct,zero_shot,2026-05-24T17:24:50
I_00002381_00002327_frgp13,impostor,13,right,00002381,00002327,B,B,B,True,0.549,InternVL3-8B-Instruct,zero_shot,2026-05-24T17:24:50
I_00002304_00002334_frgp13,impostor,13,right,00002304,00002334,B,A,A,False,0.552,InternVL3-8B-Instruct,zero_shot,2026-05-24T17:24:51
I_00002330_00002426_frgp14,impostor,14,left,00002330,00002426,B,B,B,True,0.547,InternVL3-8B-Instruct,zero_shot,2026-05-24T17:24:51
I_00002304_00002307_frgp13,impostor,13,right,00002304,00002307,B,A,A,False,0.562,InternVL3-8B-Instruct,zero_shot,2026-05-24T17:24:52
I_00002304_00002319_frgp13,impostor,13,right,00002304,00002319,B,B,B,True,0.561,InternVL3-8B-Instruct,zero_shot,2026-05-24T17:24:52
G_2406_frgp13,genuine,13,right,00002406,00002406,A,A,A,True,0.646,InternVL3-8B-Instruct,zero_shot,2026-05-24T17:24:53
I_00002330_00002396_frgp14,impostor,14,left,00002330,00002396,B,B,B,True,0.556,InternVL3-8B-Instruct,zero_shot,2026-05-24T17:24:54
G_2426_frgp13,genuine,13,right,00002426,00002426,A,A,A,True,0.634,InternVL3-8B-Instruct,zero_shot,2026-05-24T17:24:54
G_2370_frgp13,genuine,13,right,00002370,00002370,A,A,A,True,0.646,InternVL3-8B-Instruct,zero_shot,2026-05-24T17:24:55
I_00002304_00002360_frgp13,impostor,13,right,00002304,00002360,B,A,A,False,0.554,InternVL3-8B-Instruct,zero_shot,2026-05-24T17:24:55
G_2341_frgp13,genuine,13,right,00002341,00002341,A,A,A,True,0.645,InternVL3-8B-Instruct,zero_shot,2026-05-24T17:24:56
G_2396_frgp13,genuine,13,right,00002396,00002396,A,A,A,True,0.644,InternVL3-8B-Instruct,zero_shot,2026-05-24T17:24:57
I_00002330_00002379_frgp14,impostor,14,left,00002330,00002379,B,A,A,False,0.554,InternVL3-8B-Instruct,zero_shot,2026-05-24T17:24:57
I_00002304_00002383_frgp13,impostor,13,right,00002304,00002383,B,A,A,False,0.57,InternVL3-8B-Instruct,zero_shot,2026-05-24T17:24:58
I_00002330_00002352_frgp14,impostor,14,left,00002330,00002352,B,A,A,False,0.556,InternVL3-8B-Instruct,zero_shot,2026-05-24T17:24:58
I_00002330_00002395_frgp14,impostor,14,left,00002330,00002395,B,B,B,True,0.559,InternVL3-8B-Instruct,zero_shot,2026-05-24T17:24:59
G_2332_frgp13,genuine,13,right,00002332,00002332,A,A,A,True,0.645,InternVL3-8B-Instruct,zero_shot,2026-05-24T17:25:00
I_00002330_00002423_frgp14,impostor,14,left,00002330,00002423,B,B,B,True,0.547,InternVL3-8B-Instruct,zero_shot,2026-05-24T17:25:00
I_00002330_00002375_frgp14,impostor,14,left,00002330,00002375,B,B,B,True,0.555,InternVL3-8B-Instruct,zero_shot,2026-05-24T17:25:01
I_00002330_00002440_frgp14,impostor,14,left,00002330,00002440,B,A,A,False,0.546,InternVL3-8B-Instruct,zero_shot,2026-05-24T17:25:01
I_00002304_00002407_frgp13,impostor,13,right,00002304,00002407,B,A,A,False,0.556,InternVL3-8B-Instruct,zero_shot,2026-05-24T17:25:02
I_00002330_00002409_frgp14,impostor,14,left,00002330,00002409,B,A,A,False,0.548,InternVL3-8B-Instruct,zero_shot,2026-05-24T17:25:02
G_2412_frgp14,genuine,14,left,00002412,00002412,A,A,A,True,0.651,InternVL3-8B-Instruct,zero_shot,2026-05-24T17:25:03
G_2325_frgp13,genuine,13,right,00002325,00002325,A,A,A,True,0.633,InternVL3-8B-Instruct,zero_shot,2026-05-24T17:25:04
